wearable_id,user_id,timestamp,heart_rate,steps_count,sleep_hours,device_name
1,1,09-06-2025 19:19,71,3494,4.9,Apple Watch SE
2,2,10-06-2025 01:10,113,14849,4.7,Realme Watch 3 Pro
3,3,12-06-2025 06:56,87,16361,5.5,Withings ScanWatch
4,4,10-06-2025 04:37,114,17509,7,Apple Watch Series 9
5,5,15-06-2025 17:55,83,2935,4.6,Titan Smart 2
6,6,09-06-2025 16:55,114,7913,4.4,Garmin Forerunner 255
7,7,13-06-2025 04:36,115,12830,4.5,OnePlus Watch 2
8,8,11-06-2025 18:19,112,2523,6.7,Fire-Boltt Invincible Plus
9,9,15-06-2025 09:40,71,9651,5.9,Fossil Gen 6
10,10,10-06-2025 13:20,85,18135,6.1,Garmin Venu 2
11,11,11-06-2025 19:10,118,15295,6.6,Oura Ring Gen3
12,12,11-06-2025 18:36,81,11821,6.6,Oura Ring Gen3
13,13,11-06-2025 03:42,84,7277,7.8,OnePlus Watch 2
14,14,09-06-2025 10:48,68,18914,8.3,Garmin Forerunner 255
15,15,12-06-2025 11:49,93,19409,6.3,Fire-Boltt Invincible Plus
16,16,10-06-2025 01:14,102,18864,8.4,Realme Watch 3 Pro
17,17,13-06-2025 14:55,61,9528,4.3,Fitbit Versa 4
18,18,09-06-2025 22:15,104,2587,5.1,BoAt Smart Ring
19,19,11-06-2025 15:31,86,13218,8,Honor Band 6
20,20,12-06-2025 13:50,112,17927,7.3,OnePlus Watch 2
21,21,15-06-2025 18:37,75,19219,5,BoAt Smart Ring
22,22,10-06-2025 02:06,72,13136,6.6,Fitbit Versa 4
23,23,10-06-2025 10:24,77,16019,8.6,Garmin Forerunner 255
24,24,14-06-2025 23:15,88,12047,6.6,Fitbit Versa 4
25,25,09-06-2025 14:05,91,14620,6.2,OnePlus Watch 2
26,26,15-06-2025 19:35,107,12720,9,Xiaomi Mi Band 7
27,27,13-06-2025 10:51,89,17100,6.6,OnePlus Watch 2
28,28,11-06-2025 07:05,76,1530,7.1,Noise ColorFit Pro 4
29,29,15-06-2025 07:16,96,1254,8.8,Huawei Watch GT 3
30,30,14-06-2025 19:40,103,11005,8.6,Honor Band 6
31,31,11-06-2025 20:13,73,14314,6,Apple Watch Series 9
32,32,15-06-2025 01:10,107,3402,7,Huawei Watch GT 3
33,33,10-06-2025 21:16,85,7206,6.1,Garmin Venu 2
34,34,13-06-2025 16:49,106,11331,4.6,Honor Band 6
35,35,13-06-2025 03:04,87,9267,7.4,Garmin Forerunner 255
36,36,15-06-2025 02:29,112,6877,6.9,Fitbit Versa 4
37,37,11-06-2025 15:29,75,5305,4.6,Fossil Gen 6
38,38,12-06-2025 05:25,69,4182,6,Apple Watch SE
39,39,14-06-2025 19:45,104,11391,7.1,Apple Watch Series 9
40,40,13-06-2025 00:39,63,2747,8.5,Garmin Forerunner 255
41,41,14-06-2025 05:34,110,8217,8.5,Garmin Forerunner 255
42,42,13-06-2025 21:45,87,18054,6.5,Honor Band 6
43,43,14-06-2025 02:31,98,10779,6.6,OnePlus Watch 2
44,44,15-06-2025 16:03,70,980,7,Fire-Boltt Invincible Plus
45,45,12-06-2025 20:11,119,14465,7.5,Honor Band 6
46,46,14-06-2025 02:49,100,13760,6.9,Fitbit Charge 5
47,47,12-06-2025 01:26,113,9220,8,Fire-Boltt Invincible Plus
48,48,09-06-2025 15:52,67,11023,5.6,Fitbit Charge 5
49,49,14-06-2025 17:13,96,3998,5.8,Fossil Gen 6
50,50,10-06-2025 17:00,73,16210,6.8,Apple Watch Series 9
51,51,15-06-2025 04:18,105,18843,8.7,Noise ColorFit Pro 4
52,52,15-06-2025 20:00,88,12997,7.1,Fitbit Versa 4
53,53,14-06-2025 01:04,62,4977,7,Apple Watch SE
54,54,10-06-2025 15:06,88,10417,7.9,BoAt Smart Ring
55,55,11-06-2025 19:07,117,17215,5.2,BoAt Smart Ring
56,56,12-06-2025 04:14,100,12642,6.6,Fitbit Charge 5
57,57,09-06-2025 22:50,99,10674,4.7,BoAt Smart Ring
58,58,12-06-2025 15:15,93,1601,7.7,BoAt Smart Ring
59,59,13-06-2025 10:48,70,19049,4.6,Withings ScanWatch
60,60,11-06-2025 18:59,93,12601,7,OnePlus Watch 2
61,61,10-06-2025 18:17,110,14636,8.7,Withings ScanWatch
62,62,10-06-2025 01:20,102,3076,7,Garmin Forerunner 255
63,63,13-06-2025 20:04,111,19936,4.4,Samsung Galaxy Watch 6
64,64,09-06-2025 12:40,99,2006,7.9,BoAt Smart Ring
65,65,11-06-2025 21:38,119,17665,6.5,Garmin Forerunner 255
66,66,11-06-2025 01:01,63,14370,7.9,Xiaomi Mi Band 7
67,67,13-06-2025 03:53,103,8239,7.8,BoAt Smart Ring
68,68,14-06-2025 12:05,96,14487,6.7,Amazfit GTR 4
69,69,15-06-2025 19:15,108,8918,4.5,Realme Watch 3 Pro
70,70,13-06-2025 21:50,100,18064,6.5,Amazfit GTR 4
71,71,16-06-2025 09:08,64,12294,4.7,Realme Watch 3 Pro
72,72,16-06-2025 04:29,94,12750,7.9,Apple Watch Series 9
73,73,13-06-2025 20:21,108,8213,8,Oura Ring Gen3
74,74,11-06-2025 01:43,92,10437,6.4,Fossil Gen 6
75,75,12-06-2025 19:48,88,17897,7.4,Honor Band 6
76,76,10-06-2025 16:21,95,6567,4.1,Fitbit Charge 5
77,77,16-06-2025 09:10,83,5038,6.9,Garmin Forerunner 255
78,78,12-06-2025 13:11,65,5810,6.7,OnePlus Watch 2
79,79,14-06-2025 16:48,73,18850,5.6,BoAt Smart Ring
80,80,09-06-2025 17:56,91,18217,8.3,Titan Smart 2
81,81,10-06-2025 09:09,96,7473,8.9,Fitbit Charge 5
82,82,10-06-2025 18:58,99,1493,7.6,Withings ScanWatch
83,83,11-06-2025 05:35,75,18519,6.9,Fitbit Versa 4
84,84,11-06-2025 21:40,66,909,5.4,BoAt Smart Ring
85,85,11-06-2025 08:12,117,9673,8.4,Samsung Galaxy Watch 6
86,86,12-06-2025 11:28,106,5572,5.8,Xiaomi Mi Band 7
87,87,12-06-2025 09:08,92,1505,6.1,OnePlus Watch 2
88,88,10-06-2025 04:46,79,1035,8,BoAt Smart Ring
89,89,09-06-2025 21:02,94,17636,4.9,Oura Ring Gen3
90,90,11-06-2025 22:10,74,4174,4.7,Huawei Watch GT 3
91,91,10-06-2025 01:26,116,19777,7,Fossil Gen 6
92,92,12-06-2025 11:18,88,2110,5.2,Fitbit Charge 5
93,93,09-06-2025 11:57,65,4654,5.8,BoAt Smart Ring
94,94,13-06-2025 04:32,94,2000,8.7,Honor Band 6
95,95,09-06-2025 22:52,86,8773,5.9,Oura Ring Gen3
96,96,14-06-2025 07:08,105,5438,4.9,Amazfit GTR 4
97,97,12-06-2025 06:25,65,2960,5.8,Fossil Gen 6
98,98,16-06-2025 08:03,102,7383,8.3,Realme Watch 3 Pro
99,99,11-06-2025 06:37,95,7524,8.6,Amazfit GTR 4
100,100,12-06-2025 17:54,68,1184,4.5,Titan Smart 2
101,101,14-06-2025 16:39,92,2559,4.9,OnePlus Watch 2
102,102,11-06-2025 18:46,73,9131,8.6,BoAt Smart Ring
103,103,11-06-2025 21:02,118,19441,4.6,Withings ScanWatch
104,104,13-06-2025 21:53,95,19879,4.1,Garmin Venu 2
105,105,16-06-2025 05:25,68,19440,6.2,Noise ColorFit Pro 4
106,106,15-06-2025 15:00,79,16825,5.6,Apple Watch Series 9
107,107,12-06-2025 08:55,115,18315,8.5,Garmin Venu 2
108,108,14-06-2025 11:05,100,16586,8.7,Noise ColorFit Pro 4
109,109,14-06-2025 04:36,61,19768,4.8,Huawei Watch GT 3
110,110,12-06-2025 01:02,65,16577,5.3,OnePlus Watch 2
111,111,11-06-2025 01:59,94,4699,7.2,Apple Watch Series 9
112,112,09-06-2025 23:41,65,16217,5.5,Titan Smart 2
113,113,15-06-2025 14:10,101,7783,4.1,Withings ScanWatch
114,114,09-06-2025 20:07,111,1632,5.1,Apple Watch SE
115,115,13-06-2025 01:39,103,7950,5.4,Withings ScanWatch
116,116,13-06-2025 04:49,67,18622,5.1,Garmin Forerunner 255
117,117,10-06-2025 11:04,70,8048,4.7,BoAt Smart Ring
118,118,14-06-2025 00:43,107,3168,5.6,Garmin Venu 2
119,119,15-06-2025 20:22,77,13357,7,Xiaomi Mi Band 7
120,120,14-06-2025 20:54,79,1087,8.1,Fitbit Charge 5
121,121,12-06-2025 03:55,87,15159,4.1,Oura Ring Gen3
122,122,10-06-2025 07:46,87,1307,4.1,Fire-Boltt Invincible Plus
123,123,16-06-2025 06:18,99,4922,5.2,Oura Ring Gen3
124,124,13-06-2025 01:23,110,2674,6.3,Fitbit Charge 5
125,125,13-06-2025 20:17,115,7989,7.3,Fossil Gen 6
126,126,15-06-2025 01:18,83,7286,5.6,Fossil Gen 6
127,127,12-06-2025 03:24,104,17262,4.7,Xiaomi Mi Band 7
128,128,09-06-2025 20:56,67,11277,5.6,Fire-Boltt Invincible Plus
129,129,10-06-2025 09:22,99,9540,5.8,Noise ColorFit Pro 4
130,130,14-06-2025 02:49,117,2057,5.6,Apple Watch Series 9
131,131,11-06-2025 21:14,105,16731,5.3,Realme Watch 3 Pro
132,132,15-06-2025 12:51,76,16420,5.6,Xiaomi Mi Band 7
133,133,14-06-2025 14:52,114,19765,6.6,Titan Smart 2
134,134,16-06-2025 07:14,94,8564,7.1,Garmin Venu 2
135,135,14-06-2025 02:53,114,6736,6.2,Samsung Galaxy Watch 6
136,136,11-06-2025 13:33,94,12636,4.2,Garmin Forerunner 255
137,137,14-06-2025 23:25,112,11434,8.6,OnePlus Watch 2
138,138,09-06-2025 15:16,77,2455,4.4,BoAt Smart Ring
139,139,13-06-2025 02:09,114,16619,6.5,Titan Smart 2
140,140,15-06-2025 12:55,69,11884,4.5,Amazfit GTR 4
141,141,13-06-2025 00:59,102,3725,5.2,OnePlus Watch 2
142,142,10-06-2025 09:36,92,670,5.3,Garmin Venu 2
143,143,12-06-2025 22:32,119,10292,5.2,Xiaomi Mi Band 7
144,144,13-06-2025 06:09,109,10456,6.5,Apple Watch Series 9
145,145,12-06-2025 00:30,62,19301,6.2,BoAt Smart Ring
146,146,15-06-2025 16:37,90,1406,5,Titan Smart 2
147,147,11-06-2025 19:39,107,8253,7.6,Realme Watch 3 Pro
148,148,11-06-2025 08:10,69,12913,4.1,Honor Band 6
149,149,12-06-2025 23:34,107,9626,8.6,Fitbit Versa 4
150,150,10-06-2025 20:40,110,17042,4.3,Withings ScanWatch
151,151,11-06-2025 16:37,80,1318,4.8,Apple Watch SE
152,152,12-06-2025 05:24,81,15288,4.8,Withings ScanWatch
153,153,16-06-2025 00:09,88,6475,7.3,Oura Ring Gen3
154,154,10-06-2025 00:01,65,16653,7.6,Samsung Galaxy Watch 6
155,155,10-06-2025 19:38,84,12758,4.4,Garmin Forerunner 255
156,156,10-06-2025 20:02,73,15920,4.1,Amazfit GTR 4
157,157,16-06-2025 09:43,83,13558,7.3,Huawei Watch GT 3
158,158,15-06-2025 16:10,100,11270,5.4,Titan Smart 2
159,159,10-06-2025 19:08,68,5220,7.1,Fitbit Versa 4
160,160,13-06-2025 09:22,108,15153,7.4,Fitbit Charge 5
161,161,10-06-2025 00:49,70,3790,8.4,Fitbit Charge 5
162,162,11-06-2025 15:47,90,19375,4.6,BoAt Smart Ring
163,163,11-06-2025 19:50,112,16711,4.7,Garmin Venu 2
164,164,13-06-2025 04:51,76,16881,5.4,Huawei Watch GT 3
165,165,15-06-2025 22:39,114,16786,7.8,OnePlus Watch 2
166,166,15-06-2025 02:26,84,17609,6.9,Huawei Watch GT 3
167,167,13-06-2025 04:15,82,1100,5.2,Huawei Watch GT 3
168,168,14-06-2025 22:35,74,6613,8.7,Apple Watch SE
169,169,12-06-2025 19:49,67,13145,8.8,Huawei Watch GT 3
170,170,14-06-2025 13:15,91,12192,8.4,Apple Watch Series 9
171,171,14-06-2025 21:03,67,693,7.8,Fossil Gen 6
172,172,11-06-2025 05:40,62,3117,7,Realme Watch 3 Pro
173,173,15-06-2025 06:25,85,18303,7.1,Fossil Gen 6
174,174,13-06-2025 11:37,114,5190,7.1,OnePlus Watch 2
175,175,12-06-2025 20:11,99,13961,5.3,BoAt Smart Ring
176,176,12-06-2025 05:01,65,7577,8.9,Fire-Boltt Invincible Plus
177,177,11-06-2025 00:10,92,11701,5.4,Fitbit Versa 4
178,178,12-06-2025 22:44,77,7234,5.6,Fire-Boltt Invincible Plus
179,179,10-06-2025 07:42,116,10705,8.5,Fossil Gen 6
180,180,13-06-2025 21:09,76,9076,4.2,Oura Ring Gen3
181,181,15-06-2025 17:25,82,2485,7.7,Realme Watch 3 Pro
182,182,14-06-2025 23:19,120,7491,8.9,Garmin Forerunner 255
183,183,13-06-2025 16:51,78,15528,6.1,Noise ColorFit Pro 4
184,184,12-06-2025 21:35,92,3336,4.8,Fitbit Charge 5
185,185,14-06-2025 07:24,80,15663,4.2,Fossil Gen 6
186,186,10-06-2025 07:04,115,2193,5.9,Amazfit GTR 4
187,187,09-06-2025 19:19,103,17359,4.7,Noise ColorFit Pro 4
188,188,15-06-2025 11:16,74,851,7.1,Garmin Forerunner 255
189,189,11-06-2025 23:18,72,13101,8,Apple Watch SE
190,190,14-06-2025 02:54,114,1058,7.1,Titan Smart 2
191,191,12-06-2025 09:12,61,8963,8.7,Samsung Galaxy Watch 6
192,192,11-06-2025 22:46,107,12910,6.5,Fire-Boltt Invincible Plus
193,193,14-06-2025 19:55,89,16440,5.5,Fitbit Charge 5
194,194,11-06-2025 20:09,104,6395,6.6,BoAt Smart Ring
195,195,14-06-2025 17:08,119,6008,6,Noise ColorFit Pro 4
196,196,15-06-2025 04:21,111,2094,5.7,Fitbit Versa 4
197,197,10-06-2025 16:52,116,9685,7.6,Fire-Boltt Invincible Plus
198,198,16-06-2025 06:41,110,1845,6.8,OnePlus Watch 2
199,199,09-06-2025 21:00,66,19074,7.8,Apple Watch SE
200,200,12-06-2025 08:11,120,6591,4.1,OnePlus Watch 2
201,201,12-06-2025 22:36,82,5298,8.3,Amazfit GTR 4
202,202,15-06-2025 05:51,112,2216,6,Noise ColorFit Pro 4
203,203,10-06-2025 15:54,84,5094,7.3,Samsung Galaxy Watch 6
204,204,13-06-2025 08:26,74,18681,5,Fitbit Charge 5
205,205,12-06-2025 00:26,71,1836,6,Fitbit Versa 4
206,206,15-06-2025 21:21,69,14503,7.7,Fossil Gen 6
207,207,10-06-2025 07:04,98,9721,5.2,Realme Watch 3 Pro
208,208,11-06-2025 07:06,95,13587,6.8,Xiaomi Mi Band 7
209,209,15-06-2025 04:14,62,4479,4.3,OnePlus Watch 2
210,210,11-06-2025 16:39,120,12066,7.8,Fitbit Versa 4
211,211,16-06-2025 01:09,83,9367,5.1,Huawei Watch GT 3
212,212,09-06-2025 19:11,78,13315,6.6,Titan Smart 2
213,213,12-06-2025 03:46,96,9096,7.3,Titan Smart 2
214,214,10-06-2025 04:34,78,17097,6.7,Titan Smart 2
215,215,13-06-2025 10:52,95,12315,8,Amazfit GTR 4
216,216,16-06-2025 04:19,63,3152,7.2,Huawei Watch GT 3
217,217,11-06-2025 17:04,77,17007,6.8,Amazfit GTR 4
218,218,13-06-2025 23:11,111,13623,7.2,Fire-Boltt Invincible Plus
219,219,11-06-2025 07:11,119,13544,4.3,Realme Watch 3 Pro
220,220,12-06-2025 12:18,62,9264,9,Noise ColorFit Pro 4
221,221,13-06-2025 10:32,75,13899,8,Garmin Venu 2
222,222,11-06-2025 04:15,68,8560,5.3,Garmin Venu 2
223,223,14-06-2025 06:31,80,10515,7.5,Apple Watch Series 9
224,224,12-06-2025 22:41,108,7640,8.6,Garmin Venu 2
225,225,15-06-2025 18:38,111,10477,5.1,Honor Band 6
226,226,11-06-2025 08:43,109,9420,4.5,Fossil Gen 6
227,227,16-06-2025 02:56,110,11149,8.7,Amazfit GTR 4
228,228,10-06-2025 17:08,107,2605,8.2,Realme Watch 3 Pro
229,229,09-06-2025 13:52,76,7299,5.5,Realme Watch 3 Pro
230,230,14-06-2025 01:26,76,9663,5.2,Huawei Watch GT 3
231,231,14-06-2025 13:47,84,3651,7,Huawei Watch GT 3
232,232,12-06-2025 18:42,94,18237,4.7,Xiaomi Mi Band 7
233,233,09-06-2025 17:42,71,19783,7,Oura Ring Gen3
234,234,16-06-2025 10:12,86,11244,5.3,Honor Band 6
235,235,10-06-2025 10:18,109,11985,6.5,Fire-Boltt Invincible Plus
236,236,15-06-2025 12:45,66,5087,8.1,Xiaomi Mi Band 7
237,237,15-06-2025 16:18,119,10706,6,Apple Watch Series 9
238,238,10-06-2025 23:37,93,12986,7.2,Apple Watch Series 9
239,239,15-06-2025 11:39,71,3385,8.1,Amazfit GTR 4
240,240,12-06-2025 16:22,77,6775,5.4,Garmin Venu 2
241,241,15-06-2025 17:39,91,17101,8.7,Xiaomi Mi Band 7
242,242,15-06-2025 15:37,101,19064,5,Fire-Boltt Invincible Plus
243,243,14-06-2025 20:36,91,14518,4.8,OnePlus Watch 2
244,244,11-06-2025 11:01,114,19088,4.7,Titan Smart 2
245,245,13-06-2025 11:58,119,16502,6.1,Apple Watch Series 9
246,246,16-06-2025 07:23,114,18383,5.6,Samsung Galaxy Watch 6
247,247,11-06-2025 16:23,98,565,4.4,OnePlus Watch 2
248,248,12-06-2025 03:27,75,2322,6.2,Apple Watch SE
249,249,14-06-2025 06:06,109,608,5.7,Huawei Watch GT 3
250,250,09-06-2025 21:02,85,5609,5.3,Honor Band 6
251,251,11-06-2025 05:05,62,4655,6.3,Huawei Watch GT 3
252,252,10-06-2025 14:45,103,5706,6.2,Xiaomi Mi Band 7
253,253,12-06-2025 08:25,92,17104,4.5,Realme Watch 3 Pro
254,254,12-06-2025 09:55,113,9167,8.5,Fitbit Versa 4
255,255,13-06-2025 16:30,113,12005,8.5,Titan Smart 2
256,256,12-06-2025 21:59,100,14235,5.4,Fire-Boltt Invincible Plus
257,257,10-06-2025 14:12,79,9199,4.2,Fire-Boltt Invincible Plus
258,258,09-06-2025 18:21,101,8743,4.9,Noise ColorFit Pro 4
259,259,13-06-2025 02:41,78,15449,6.8,Oura Ring Gen3
260,260,14-06-2025 18:51,112,14638,8.8,Amazfit GTR 4
261,261,15-06-2025 22:14,108,5500,4.6,Honor Band 6
262,262,15-06-2025 07:34,87,14467,6.1,Fossil Gen 6
263,263,11-06-2025 13:23,118,15992,6.2,Fire-Boltt Invincible Plus
264,264,15-06-2025 11:57,72,17731,6.5,Fire-Boltt Invincible Plus
265,265,12-06-2025 17:02,81,7903,7.4,Garmin Forerunner 255
266,266,11-06-2025 09:58,96,16842,7.1,Noise ColorFit Pro 4
267,267,10-06-2025 02:00,87,12476,7.3,OnePlus Watch 2
268,268,12-06-2025 12:53,117,9438,7.8,Samsung Galaxy Watch 6
269,269,13-06-2025 06:04,60,1463,4.4,Samsung Galaxy Watch 6
270,270,11-06-2025 09:26,60,17857,8,Withings ScanWatch
271,271,10-06-2025 19:19,99,6988,8,Honor Band 6
272,272,16-06-2025 00:35,85,2165,7.4,Fire-Boltt Invincible Plus
273,273,09-06-2025 21:54,62,7751,7.2,Realme Watch 3 Pro
274,274,16-06-2025 00:20,83,19385,5.9,BoAt Smart Ring
275,275,12-06-2025 06:48,88,18334,5.4,Amazfit GTR 4
276,276,14-06-2025 23:29,101,19795,8.5,Amazfit GTR 4
277,277,10-06-2025 05:09,90,10063,8.3,Samsung Galaxy Watch 6
278,278,13-06-2025 10:17,73,8848,8.5,Realme Watch 3 Pro
279,279,14-06-2025 18:29,104,6609,6.6,Xiaomi Mi Band 7
280,280,12-06-2025 11:46,64,8835,6.2,Xiaomi Mi Band 7
281,281,11-06-2025 22:24,105,18769,6.1,Noise ColorFit Pro 4
282,282,12-06-2025 21:23,101,14093,8.7,Apple Watch SE
283,283,10-06-2025 19:11,110,16540,7.4,Withings ScanWatch
284,284,10-06-2025 22:04,80,12326,6.5,BoAt Smart Ring
285,285,11-06-2025 03:03,91,14492,5.8,Fitbit Charge 5
286,286,09-06-2025 16:49,101,18321,6.1,Fitbit Charge 5
287,287,15-06-2025 19:24,61,18340,8.5,Withings ScanWatch
288,288,09-06-2025 22:51,110,8626,5.1,Withings ScanWatch
289,289,15-06-2025 22:16,70,16286,6.3,Titan Smart 2
290,290,09-06-2025 12:21,109,4681,6.7,Realme Watch 3 Pro
291,291,14-06-2025 00:46,104,4596,5.1,BoAt Smart Ring
292,292,13-06-2025 06:24,110,8665,7.7,Oura Ring Gen3
293,293,09-06-2025 17:33,116,2573,4.3,BoAt Smart Ring
294,294,16-06-2025 00:41,63,17663,5.9,Honor Band 6
295,295,14-06-2025 13:17,102,9495,6.5,Fire-Boltt Invincible Plus
296,296,15-06-2025 14:13,85,16165,7.3,BoAt Smart Ring
297,297,12-06-2025 11:42,81,8579,7.9,Apple Watch SE
298,298,11-06-2025 11:28,106,710,7.8,Garmin Forerunner 255
299,299,10-06-2025 17:45,101,19460,5.2,BoAt Smart Ring
300,300,10-06-2025 05:27,116,7460,7.7,Xiaomi Mi Band 7
301,301,14-06-2025 03:14,108,990,4.3,OnePlus Watch 2
302,302,15-06-2025 04:35,77,1530,7.7,Withings ScanWatch
303,303,10-06-2025 22:08,60,14117,7.2,Oura Ring Gen3
304,304,09-06-2025 14:53,110,19187,4.7,OnePlus Watch 2
305,305,11-06-2025 23:15,106,3849,8.1,Garmin Forerunner 255
306,306,10-06-2025 12:12,82,12811,8.6,Amazfit GTR 4
307,307,11-06-2025 00:18,111,2960,4.8,Fitbit Versa 4
308,308,10-06-2025 23:49,97,16191,4.3,Apple Watch SE
309,309,14-06-2025 01:48,63,13344,7.9,Fitbit Charge 5
310,310,12-06-2025 11:32,74,3015,6.8,Garmin Forerunner 255
311,311,13-06-2025 08:41,107,19626,4.7,Fitbit Versa 4
312,312,12-06-2025 04:03,104,19959,5.5,Amazfit GTR 4
313,313,16-06-2025 07:46,66,13420,7.9,Huawei Watch GT 3
314,314,12-06-2025 22:00,111,5174,6.9,Amazfit GTR 4
315,315,09-06-2025 17:40,119,17659,8,Apple Watch SE
316,316,10-06-2025 09:54,116,10054,6.8,Xiaomi Mi Band 7
317,317,14-06-2025 13:22,99,14652,6.1,BoAt Smart Ring
318,318,15-06-2025 19:50,66,17088,8.8,Fitbit Versa 4
319,319,10-06-2025 07:41,91,16867,4.6,Fire-Boltt Invincible Plus
320,320,12-06-2025 15:49,94,925,7.1,OnePlus Watch 2
321,321,15-06-2025 11:21,111,10053,5.5,Noise ColorFit Pro 4
322,322,13-06-2025 07:13,79,5292,7.9,BoAt Smart Ring
323,323,09-06-2025 13:27,114,8813,8.7,Fitbit Versa 4
324,324,13-06-2025 02:01,65,18589,4.4,OnePlus Watch 2
325,325,11-06-2025 11:02,107,18034,5.7,Amazfit GTR 4
326,326,10-06-2025 22:22,115,8039,5.7,Fitbit Versa 4
327,327,15-06-2025 23:52,66,3067,7.8,OnePlus Watch 2
328,328,10-06-2025 04:17,106,1158,7.4,Withings ScanWatch
329,329,15-06-2025 05:54,91,13994,6.1,Garmin Forerunner 255
330,330,14-06-2025 17:01,65,17116,8.3,Apple Watch SE
331,331,13-06-2025 14:07,90,7795,4.9,BoAt Smart Ring
332,332,11-06-2025 17:06,109,17592,5.1,OnePlus Watch 2
333,333,10-06-2025 00:25,107,8922,6.6,Titan Smart 2
334,334,14-06-2025 02:52,85,10363,6.5,Oura Ring Gen3
335,335,16-06-2025 03:40,63,14616,5.4,Oura Ring Gen3
336,336,10-06-2025 16:43,99,18745,7.1,Xiaomi Mi Band 7
337,337,10-06-2025 07:42,86,6757,8.3,Garmin Forerunner 255
338,338,12-06-2025 18:21,115,1643,8.1,Noise ColorFit Pro 4
339,339,15-06-2025 09:33,73,5868,4.8,Honor Band 6
340,340,09-06-2025 11:24,69,12333,6.8,Apple Watch Series 9
341,341,14-06-2025 23:02,87,12923,4.8,Amazfit GTR 4
342,342,10-06-2025 01:01,114,11492,5.2,BoAt Smart Ring
343,343,09-06-2025 15:56,101,6883,8.2,OnePlus Watch 2
344,344,10-06-2025 11:07,116,2078,7.8,Titan Smart 2
345,345,12-06-2025 15:24,107,751,5.2,Garmin Venu 2
346,346,15-06-2025 23:55,89,15524,5.8,Fire-Boltt Invincible Plus
347,347,14-06-2025 01:37,100,5708,8.7,Honor Band 6
348,348,09-06-2025 20:32,102,4110,8.1,Xiaomi Mi Band 7
349,349,10-06-2025 12:00,115,14023,4.7,Fossil Gen 6
350,350,12-06-2025 16:01,82,9151,5.7,Huawei Watch GT 3
351,351,10-06-2025 01:41,115,14669,7.1,Fossil Gen 6
352,352,14-06-2025 02:48,104,3883,5.9,Noise ColorFit Pro 4
353,353,11-06-2025 22:49,68,1903,6.3,Noise ColorFit Pro 4
354,354,16-06-2025 03:08,99,7636,8.8,Oura Ring Gen3
355,355,15-06-2025 04:13,87,3171,5,Fitbit Versa 4
356,356,15-06-2025 03:45,110,13188,5.4,Withings ScanWatch
357,357,11-06-2025 02:01,93,9705,5.3,Titan Smart 2
358,358,12-06-2025 10:58,66,17456,6.8,Garmin Venu 2
359,359,14-06-2025 03:20,87,11901,7.7,Realme Watch 3 Pro
360,360,10-06-2025 01:32,111,13906,8.6,Fossil Gen 6
361,361,09-06-2025 12:07,100,9003,7.4,Honor Band 6
362,362,11-06-2025 17:31,79,2097,7.9,Noise ColorFit Pro 4
363,363,12-06-2025 05:50,106,2378,4.9,OnePlus Watch 2
364,364,14-06-2025 22:43,77,8149,6.1,OnePlus Watch 2
365,365,15-06-2025 03:23,75,17461,4.9,Realme Watch 3 Pro
366,366,09-06-2025 20:15,82,10576,8,Apple Watch Series 9
367,367,09-06-2025 21:22,91,19349,5.2,Xiaomi Mi Band 7
368,368,15-06-2025 21:53,74,16184,5.7,Fire-Boltt Invincible Plus
369,369,11-06-2025 10:55,60,19739,4.3,Apple Watch SE
370,370,10-06-2025 07:32,108,2514,5.6,Samsung Galaxy Watch 6
371,371,14-06-2025 23:41,120,8293,7.3,BoAt Smart Ring
372,372,14-06-2025 22:24,86,9207,6,Garmin Forerunner 255
373,373,13-06-2025 16:06,64,12513,4.5,Xiaomi Mi Band 7
374,374,14-06-2025 19:26,75,618,7.5,Xiaomi Mi Band 7
375,375,15-06-2025 10:56,117,19275,8.6,Samsung Galaxy Watch 6
376,376,15-06-2025 09:50,120,17211,8.6,Fitbit Charge 5
377,377,11-06-2025 06:45,86,10032,6.3,BoAt Smart Ring
378,378,12-06-2025 09:13,76,2919,8.4,Withings ScanWatch
379,379,16-06-2025 07:54,105,10711,7.7,Samsung Galaxy Watch 6
380,380,12-06-2025 00:18,89,8013,5.3,Fossil Gen 6
381,381,13-06-2025 19:42,92,3295,9,Fitbit Versa 4
382,382,15-06-2025 08:44,72,8597,5.2,Xiaomi Mi Band 7
383,383,15-06-2025 13:49,103,17849,8.6,Fire-Boltt Invincible Plus
384,384,13-06-2025 15:46,92,12960,6.1,Fire-Boltt Invincible Plus
385,385,11-06-2025 21:17,69,11192,6,Titan Smart 2
386,386,14-06-2025 06:28,64,18196,7.2,Realme Watch 3 Pro
387,387,09-06-2025 11:04,67,15723,8.1,Garmin Venu 2
388,388,11-06-2025 21:24,101,3906,8.7,Apple Watch Series 9
389,389,14-06-2025 18:00,66,16298,8.3,Fire-Boltt Invincible Plus
390,390,13-06-2025 23:09,118,9110,4.7,Honor Band 6
391,391,09-06-2025 23:56,109,14832,5.9,Garmin Venu 2
392,392,14-06-2025 11:25,108,17245,4.4,OnePlus Watch 2
393,393,13-06-2025 17:00,75,2011,7.8,Withings ScanWatch
394,394,12-06-2025 13:14,81,15504,7,Apple Watch Series 9
395,395,10-06-2025 04:05,65,16092,4.7,Withings ScanWatch
396,396,13-06-2025 14:42,105,3001,8.4,Garmin Venu 2
397,397,14-06-2025 15:46,104,8787,7,OnePlus Watch 2
398,398,10-06-2025 19:54,111,4450,5,BoAt Smart Ring
399,399,13-06-2025 21:11,95,4362,6.9,Realme Watch 3 Pro
400,400,09-06-2025 22:23,69,11769,6.2,BoAt Smart Ring
401,401,10-06-2025 21:01,119,11347,8.1,Withings ScanWatch
402,402,11-06-2025 22:42,113,7867,8.3,Oura Ring Gen3
403,403,14-06-2025 21:13,77,18774,7.5,Garmin Venu 2
404,404,11-06-2025 10:07,72,10263,7.1,Apple Watch Series 9
405,405,15-06-2025 16:05,109,10381,5.8,Titan Smart 2
406,406,16-06-2025 07:41,117,5867,6.6,Noise ColorFit Pro 4
407,407,10-06-2025 13:58,97,10963,8.2,Realme Watch 3 Pro
408,408,09-06-2025 15:00,103,1768,8.4,Fossil Gen 6
409,409,14-06-2025 12:56,62,5884,6.4,Titan Smart 2
410,410,14-06-2025 18:56,91,18649,5.4,OnePlus Watch 2
411,411,15-06-2025 17:52,102,8981,6.6,Garmin Venu 2
412,412,14-06-2025 03:29,104,11685,4,Withings ScanWatch
413,413,14-06-2025 21:34,92,7556,7.2,OnePlus Watch 2
414,414,11-06-2025 23:55,66,2746,6.9,Samsung Galaxy Watch 6
415,415,10-06-2025 03:27,107,3540,4.3,Withings ScanWatch
416,416,16-06-2025 10:30,71,866,6,Fitbit Charge 5
417,417,13-06-2025 16:06,115,19190,5.1,Apple Watch Series 9
418,418,11-06-2025 07:57,115,7554,7.3,Garmin Venu 2
419,419,15-06-2025 16:30,91,6444,7.9,Xiaomi Mi Band 7
420,420,09-06-2025 22:53,65,12307,7.9,Garmin Venu 2
421,421,09-06-2025 20:03,104,11214,7,Fitbit Charge 5
422,422,11-06-2025 05:20,116,8736,5.6,Titan Smart 2
423,423,10-06-2025 08:22,92,11056,7.6,Garmin Venu 2
424,424,12-06-2025 07:31,119,1118,4.4,Garmin Forerunner 255
425,425,13-06-2025 18:51,110,3374,7.7,Realme Watch 3 Pro
426,426,13-06-2025 01:47,112,15093,7.1,Fitbit Versa 4
427,427,13-06-2025 07:32,75,18206,8.9,Fitbit Versa 4
428,428,10-06-2025 06:34,118,17929,5.2,Amazfit GTR 4
429,429,13-06-2025 04:23,101,14786,6.4,Realme Watch 3 Pro
430,430,16-06-2025 06:21,105,8898,8.6,BoAt Smart Ring
431,431,11-06-2025 17:55,83,6790,6.8,Oura Ring Gen3
432,432,15-06-2025 00:47,94,5711,7.6,Fitbit Versa 4
433,433,13-06-2025 21:42,93,12779,6.2,Oura Ring Gen3
434,434,14-06-2025 18:32,113,6580,8.3,Samsung Galaxy Watch 6
435,435,14-06-2025 01:03,102,9008,6,Samsung Galaxy Watch 6
436,436,12-06-2025 12:21,104,19767,6.8,Noise ColorFit Pro 4
437,437,11-06-2025 01:59,62,14893,8.2,Apple Watch Series 9
438,438,10-06-2025 02:14,119,12081,8.5,Garmin Venu 2
439,439,10-06-2025 05:32,104,4030,9,Fitbit Versa 4
440,440,10-06-2025 03:28,117,544,7.6,OnePlus Watch 2
441,441,14-06-2025 19:26,89,10088,6.3,Fitbit Charge 5
442,442,15-06-2025 07:11,99,11182,6.7,Oura Ring Gen3
443,443,15-06-2025 03:52,86,2178,7.4,Fitbit Versa 4
444,444,15-06-2025 15:10,101,4468,4.6,Honor Band 6
445,445,11-06-2025 22:47,65,9231,4.6,Realme Watch 3 Pro
446,446,14-06-2025 03:46,66,14910,4.7,Fire-Boltt Invincible Plus
447,447,15-06-2025 04:19,90,12247,8,Garmin Venu 2
448,448,10-06-2025 08:45,85,6855,7.6,Garmin Forerunner 255
449,449,09-06-2025 10:34,111,19718,4.9,Oura Ring Gen3
450,450,10-06-2025 21:44,73,690,5.2,Realme Watch 3 Pro
451,451,15-06-2025 20:22,104,2741,6.3,Fire-Boltt Invincible Plus
452,452,15-06-2025 02:12,87,1596,4.8,Fitbit Versa 4
453,453,10-06-2025 08:18,70,14262,8.4,Fossil Gen 6
454,454,15-06-2025 08:50,100,10589,5,Fitbit Charge 5
455,455,10-06-2025 15:51,61,8073,6.4,Noise ColorFit Pro 4
456,456,11-06-2025 07:19,66,6653,6.4,OnePlus Watch 2
457,457,10-06-2025 14:46,117,2764,8.8,Honor Band 6
458,458,15-06-2025 15:01,62,14643,5.9,Noise ColorFit Pro 4
459,459,15-06-2025 05:38,72,15285,6.8,Amazfit GTR 4
460,460,09-06-2025 21:25,60,15403,4.2,Huawei Watch GT 3
461,461,09-06-2025 14:31,82,7081,5.3,Samsung Galaxy Watch 6
462,462,14-06-2025 23:27,91,4721,6.5,Titan Smart 2
463,463,12-06-2025 04:39,95,2315,5.9,Huawei Watch GT 3
464,464,13-06-2025 10:01,98,18283,6.9,Honor Band 6
465,465,13-06-2025 21:43,85,19982,6.4,Garmin Venu 2
466,466,13-06-2025 05:50,114,8988,7.7,Withings ScanWatch
467,467,10-06-2025 18:06,71,1792,7.1,Garmin Forerunner 255
468,468,11-06-2025 14:39,66,16193,8.9,BoAt Smart Ring
469,469,13-06-2025 14:53,98,14209,6.7,Oura Ring Gen3
470,470,14-06-2025 22:16,96,17400,6.1,Fitbit Versa 4
471,471,11-06-2025 19:20,93,17214,8.9,Fitbit Versa 4
472,472,09-06-2025 14:19,60,10328,6.7,Garmin Venu 2
473,473,10-06-2025 10:55,77,1993,6.9,Garmin Venu 2
474,474,11-06-2025 10:23,110,12433,7.4,Amazfit GTR 4
475,475,16-06-2025 04:00,84,11436,4.9,BoAt Smart Ring
476,476,12-06-2025 10:15,94,6059,7.3,Fitbit Charge 5
477,477,12-06-2025 22:06,102,11681,5.2,Oura Ring Gen3
478,478,12-06-2025 09:32,104,7170,6.6,Xiaomi Mi Band 7
479,479,15-06-2025 12:01,76,10118,6,Xiaomi Mi Band 7
480,480,15-06-2025 01:01,106,13324,8.2,Amazfit GTR 4
481,481,10-06-2025 12:23,65,14867,4.2,Fire-Boltt Invincible Plus
482,482,14-06-2025 02:25,114,10855,6.7,Apple Watch Series 9
483,483,13-06-2025 06:54,98,18959,4.2,OnePlus Watch 2
484,484,15-06-2025 17:18,108,8604,4.5,Garmin Venu 2
485,485,09-06-2025 21:03,78,15991,8.3,Fire-Boltt Invincible Plus
486,486,13-06-2025 11:40,88,14639,8.2,Fitbit Versa 4
487,487,10-06-2025 18:24,107,12450,8.9,BoAt Smart Ring
488,488,13-06-2025 10:10,106,2125,6,Titan Smart 2
489,489,15-06-2025 03:48,95,4470,7.3,Fossil Gen 6
490,490,12-06-2025 11:26,109,13114,8.9,OnePlus Watch 2
491,491,13-06-2025 04:22,78,12354,7.2,Honor Band 6
492,492,11-06-2025 23:51,72,6624,7.3,Fire-Boltt Invincible Plus
493,493,16-06-2025 01:15,114,16264,8.3,Oura Ring Gen3
494,494,15-06-2025 11:24,117,5246,6.2,Withings ScanWatch
495,495,10-06-2025 01:35,79,11357,6.1,Fitbit Versa 4
496,496,09-06-2025 17:42,101,7289,7.1,Noise ColorFit Pro 4
497,497,13-06-2025 04:23,98,11755,4.5,Garmin Venu 2
498,498,11-06-2025 14:50,69,17530,6.5,Amazfit GTR 4
499,499,09-06-2025 15:46,110,19047,4.1,Garmin Venu 2
500,500,14-06-2025 03:57,100,13127,8.5,Titan Smart 2
501,501,10-06-2025 12:45,79,6633,4.8,Xiaomi Mi Band 7
502,502,13-06-2025 22:41,68,7992,5.5,Fire-Boltt Invincible Plus
503,503,10-06-2025 03:05,98,7213,4.1,Withings ScanWatch
504,504,14-06-2025 10:27,77,12329,6.8,Noise ColorFit Pro 4
505,505,15-06-2025 07:12,114,7199,6.8,Realme Watch 3 Pro
506,506,15-06-2025 00:26,64,6552,6.2,Fitbit Versa 4
507,507,15-06-2025 14:51,120,10468,8.6,Fire-Boltt Invincible Plus
508,508,13-06-2025 17:53,115,4164,7.8,Fitbit Versa 4
509,509,11-06-2025 18:35,80,16233,5.9,Fitbit Charge 5
510,510,10-06-2025 17:10,111,4251,6.4,Fitbit Versa 4
511,511,14-06-2025 01:02,98,13469,7,Realme Watch 3 Pro
512,512,16-06-2025 06:11,94,15381,6.8,Fire-Boltt Invincible Plus
513,513,14-06-2025 01:04,73,18719,7.5,Oura Ring Gen3
514,514,10-06-2025 03:59,118,11388,8.4,Amazfit GTR 4
515,515,09-06-2025 17:49,110,14839,4.2,Amazfit GTR 4
516,516,10-06-2025 12:05,109,3149,6.6,Fossil Gen 6
517,517,15-06-2025 01:24,80,12309,6.6,Xiaomi Mi Band 7
518,518,10-06-2025 09:21,73,19134,5.4,Fossil Gen 6
519,519,14-06-2025 09:07,114,5496,7.6,Apple Watch Series 9
520,520,13-06-2025 12:35,84,16046,4.1,Fossil Gen 6
521,521,11-06-2025 23:48,68,6761,4.3,Noise ColorFit Pro 4
522,522,12-06-2025 09:13,94,17936,6.7,Amazfit GTR 4
523,523,11-06-2025 06:44,96,4962,5.1,Noise ColorFit Pro 4
524,524,12-06-2025 07:34,98,11939,8.6,OnePlus Watch 2
525,525,10-06-2025 17:26,62,1018,8,Fitbit Charge 5
526,526,13-06-2025 03:25,118,747,5.7,Oura Ring Gen3
527,527,14-06-2025 01:32,66,1818,8.7,Apple Watch Series 9
528,528,13-06-2025 06:52,95,2228,4.7,BoAt Smart Ring
529,529,16-06-2025 09:03,67,13065,8.9,Samsung Galaxy Watch 6
530,530,15-06-2025 21:55,90,2751,7.7,Withings ScanWatch
531,531,15-06-2025 16:05,102,9779,5.8,OnePlus Watch 2
532,532,13-06-2025 15:58,76,11290,8.9,Fire-Boltt Invincible Plus
533,533,10-06-2025 10:43,107,14462,6.7,Oura Ring Gen3
534,534,14-06-2025 18:01,99,13617,7.2,Amazfit GTR 4
535,535,16-06-2025 01:02,105,11958,8.1,Huawei Watch GT 3
536,536,13-06-2025 15:25,118,15983,7.5,Apple Watch SE
537,537,12-06-2025 14:48,97,18949,5,Titan Smart 2
538,538,14-06-2025 00:36,72,10229,4.3,Huawei Watch GT 3
539,539,13-06-2025 19:50,63,6196,8.3,Honor Band 6
540,540,15-06-2025 05:34,91,2617,4.4,OnePlus Watch 2
541,541,12-06-2025 19:03,111,4968,5.9,Realme Watch 3 Pro
542,542,12-06-2025 00:57,60,3130,4.2,Amazfit GTR 4
543,543,15-06-2025 02:16,117,14445,5.4,Fitbit Versa 4
544,544,12-06-2025 16:42,104,1173,4.7,Oura Ring Gen3
545,545,13-06-2025 23:22,86,4082,6.4,Apple Watch SE
546,546,11-06-2025 10:16,92,15919,7.2,Withings ScanWatch
547,547,13-06-2025 04:59,120,15611,6.8,Titan Smart 2
548,548,13-06-2025 09:03,119,13258,5,Amazfit GTR 4
549,549,13-06-2025 13:03,80,2582,8,Fossil Gen 6
550,550,14-06-2025 22:35,111,19711,8.7,OnePlus Watch 2
551,551,11-06-2025 19:24,100,5235,7.3,Huawei Watch GT 3
552,552,10-06-2025 14:56,86,12108,6.1,Fire-Boltt Invincible Plus
553,553,12-06-2025 01:30,109,8247,4.6,Apple Watch Series 9
554,554,13-06-2025 12:57,92,18971,4.6,Xiaomi Mi Band 7
555,555,12-06-2025 20:58,63,9293,5.2,Fire-Boltt Invincible Plus
556,556,12-06-2025 01:05,74,12039,6.4,Apple Watch SE
557,557,12-06-2025 09:18,107,15572,8.2,OnePlus Watch 2
558,558,10-06-2025 16:17,80,5971,8.1,Huawei Watch GT 3
559,559,10-06-2025 04:06,71,622,5.4,Huawei Watch GT 3
560,560,14-06-2025 00:57,105,17413,4.8,Withings ScanWatch
561,561,09-06-2025 22:45,77,7180,4.9,Oura Ring Gen3
562,562,13-06-2025 10:55,88,18563,6.3,Garmin Forerunner 255
563,563,16-06-2025 06:22,78,7143,8.4,Apple Watch Series 9
564,564,12-06-2025 23:36,85,11258,8.9,Fitbit Charge 5
565,565,14-06-2025 10:16,88,17041,6.3,BoAt Smart Ring
566,566,14-06-2025 18:47,81,12041,5.6,Fitbit Versa 4
567,567,12-06-2025 20:31,120,1815,4.6,Noise ColorFit Pro 4
568,568,13-06-2025 02:50,68,16384,5.1,Titan Smart 2
569,569,11-06-2025 01:27,106,2139,7.7,Honor Band 6
570,570,13-06-2025 19:52,92,16042,5.4,Titan Smart 2
571,571,13-06-2025 02:45,99,9488,5.1,Withings ScanWatch
572,572,11-06-2025 18:50,96,16515,5.6,Garmin Forerunner 255
573,573,16-06-2025 00:04,113,14411,6.3,Garmin Forerunner 255
574,574,13-06-2025 20:38,108,2670,8.4,BoAt Smart Ring
575,575,12-06-2025 08:27,83,14166,8.5,Fitbit Charge 5
576,576,15-06-2025 18:09,81,19254,7.7,Fossil Gen 6
577,577,14-06-2025 18:46,68,18814,6.8,Garmin Forerunner 255
578,578,16-06-2025 05:29,110,12926,6.1,Fitbit Charge 5
579,579,11-06-2025 19:16,110,11567,7.6,Garmin Forerunner 255
580,580,12-06-2025 19:18,86,9355,8.5,Samsung Galaxy Watch 6
581,581,11-06-2025 02:02,97,2678,4.6,Apple Watch Series 9
582,582,14-06-2025 12:57,71,12686,6.5,Amazfit GTR 4
583,583,15-06-2025 07:44,115,7987,7.7,Titan Smart 2
584,584,14-06-2025 06:35,110,6078,6.9,Apple Watch Series 9
585,585,14-06-2025 10:00,97,4645,9,Withings ScanWatch
586,586,10-06-2025 10:39,63,1041,6.5,Honor Band 6
587,587,15-06-2025 23:18,103,7398,6.4,Fire-Boltt Invincible Plus
588,588,10-06-2025 10:05,100,15943,7.4,Amazfit GTR 4
589,589,15-06-2025 02:08,81,10085,4.5,Apple Watch SE
590,590,10-06-2025 14:37,67,1394,6.3,Fitbit Versa 4
591,591,14-06-2025 05:45,84,6486,4.9,Withings ScanWatch
592,592,14-06-2025 15:34,106,11062,8,Fitbit Charge 5
593,593,10-06-2025 16:33,85,9249,8.4,Huawei Watch GT 3
594,594,13-06-2025 08:17,105,4479,8.2,Fitbit Versa 4
595,595,11-06-2025 04:21,68,1710,4.4,Garmin Venu 2
596,596,16-06-2025 02:35,114,14494,6.1,Noise ColorFit Pro 4
597,597,10-06-2025 17:12,95,11269,8.3,Huawei Watch GT 3
598,598,16-06-2025 07:39,99,9585,6.5,Apple Watch Series 9
599,599,12-06-2025 22:32,99,19016,5.8,Samsung Galaxy Watch 6
600,600,09-06-2025 11:24,105,2536,8.5,Apple Watch Series 9
601,601,10-06-2025 12:41,96,11591,7.5,Xiaomi Mi Band 7
602,602,11-06-2025 21:21,89,9577,7,Realme Watch 3 Pro
603,603,14-06-2025 04:12,84,18843,6.4,Oura Ring Gen3
604,604,13-06-2025 21:47,93,11632,7.7,Apple Watch Series 9
605,605,11-06-2025 00:17,88,9069,6.9,Withings ScanWatch
606,606,12-06-2025 10:14,72,1525,4.4,Noise ColorFit Pro 4
607,607,15-06-2025 09:05,107,15307,7.1,Apple Watch Series 9
608,608,12-06-2025 17:52,101,16707,6.6,Samsung Galaxy Watch 6
609,609,11-06-2025 16:02,108,16709,5.7,Garmin Forerunner 255
610,610,13-06-2025 21:41,64,803,6.8,Huawei Watch GT 3
611,611,15-06-2025 11:48,97,3079,4.3,Titan Smart 2
612,612,14-06-2025 07:39,84,15332,5.9,Garmin Forerunner 255
613,613,16-06-2025 07:12,95,3442,8.8,Samsung Galaxy Watch 6
614,614,12-06-2025 13:00,116,7294,5.8,Titan Smart 2
615,615,09-06-2025 12:57,109,1761,5.8,Fossil Gen 6
616,616,09-06-2025 16:54,75,12891,8,Titan Smart 2
617,617,16-06-2025 05:47,115,16363,7.6,Fitbit Versa 4
618,618,11-06-2025 23:51,73,1665,7.5,Oura Ring Gen3
619,619,14-06-2025 21:16,68,12837,7.1,Honor Band 6
620,620,16-06-2025 05:35,87,11744,5.4,Garmin Forerunner 255
621,621,13-06-2025 06:37,117,11000,4.3,Fire-Boltt Invincible Plus
622,622,14-06-2025 03:38,66,15117,5.2,Titan Smart 2
623,623,13-06-2025 08:57,61,8125,9,Fire-Boltt Invincible Plus
624,624,14-06-2025 13:04,80,13637,6.7,Fitbit Versa 4
625,625,15-06-2025 04:38,98,957,7.1,Fitbit Charge 5
626,626,14-06-2025 07:18,113,8173,8.7,Fossil Gen 6
627,627,14-06-2025 02:20,90,5912,6.4,Fire-Boltt Invincible Plus
628,628,09-06-2025 16:00,92,9899,6.8,Titan Smart 2
629,629,10-06-2025 07:48,98,16229,5.8,BoAt Smart Ring
630,630,12-06-2025 13:55,69,2235,7.2,Noise ColorFit Pro 4
631,631,15-06-2025 03:33,84,10772,4.7,OnePlus Watch 2
632,632,15-06-2025 07:02,97,11699,4.7,Realme Watch 3 Pro
633,633,12-06-2025 10:31,76,16402,7.5,Honor Band 6
634,634,15-06-2025 07:17,87,12486,6.3,BoAt Smart Ring
635,635,11-06-2025 21:01,97,3844,5.4,Apple Watch Series 9
636,636,13-06-2025 23:33,120,2944,7.4,Xiaomi Mi Band 7
637,637,10-06-2025 07:31,101,18766,6.2,Noise ColorFit Pro 4
638,638,16-06-2025 02:52,70,10153,5.2,Huawei Watch GT 3
639,639,11-06-2025 22:24,60,9820,5.2,Noise ColorFit Pro 4
640,640,11-06-2025 14:43,82,18902,4.9,Xiaomi Mi Band 7
641,641,09-06-2025 22:32,64,11650,6.4,BoAt Smart Ring
642,642,10-06-2025 21:06,63,2134,4.5,Amazfit GTR 4
643,643,09-06-2025 18:24,91,16602,5.1,Oura Ring Gen3
644,644,13-06-2025 08:20,118,12190,6.9,Titan Smart 2
645,645,16-06-2025 06:37,92,16425,4,BoAt Smart Ring
646,646,09-06-2025 12:12,113,10736,6.1,Noise ColorFit Pro 4
647,647,12-06-2025 20:10,95,15591,6.6,Apple Watch Series 9
648,648,12-06-2025 09:09,67,6510,4.6,Fire-Boltt Invincible Plus
649,649,14-06-2025 08:50,78,12574,5.4,Huawei Watch GT 3
650,650,09-06-2025 21:17,83,19155,7.2,Amazfit GTR 4
651,651,10-06-2025 18:10,74,12970,9,Fitbit Versa 4
652,652,11-06-2025 21:10,68,14490,7.6,Garmin Venu 2
653,653,11-06-2025 17:48,93,16610,6.6,Huawei Watch GT 3
654,654,12-06-2025 08:11,112,14663,6.6,Apple Watch SE
655,655,12-06-2025 20:33,60,1054,7.1,OnePlus Watch 2
656,656,12-06-2025 05:02,77,11608,7.1,Samsung Galaxy Watch 6
657,657,11-06-2025 22:50,96,17840,7.4,Amazfit GTR 4
658,658,16-06-2025 00:08,90,6965,8.9,Huawei Watch GT 3
659,659,10-06-2025 03:44,82,14098,8.1,Apple Watch Series 9
660,660,11-06-2025 05:43,77,7775,7.4,Withings ScanWatch
661,661,14-06-2025 06:50,103,15334,8.8,Samsung Galaxy Watch 6
662,662,12-06-2025 00:22,109,4421,5.3,Apple Watch Series 9
663,663,10-06-2025 18:26,99,10240,7.9,Amazfit GTR 4
664,664,15-06-2025 11:55,114,2541,4.9,Apple Watch Series 9
665,665,12-06-2025 09:27,114,16519,7,Fitbit Versa 4
666,666,13-06-2025 22:56,92,17912,7.8,Noise ColorFit Pro 4
667,667,15-06-2025 21:19,120,5956,8.4,Fossil Gen 6
668,668,15-06-2025 22:36,70,3031,7.5,BoAt Smart Ring
669,669,12-06-2025 11:54,101,7794,4.7,Fitbit Charge 5
670,670,12-06-2025 13:40,95,12972,4.4,Fitbit Versa 4
671,671,09-06-2025 17:18,74,2449,6.7,Fossil Gen 6
672,672,09-06-2025 19:10,72,13746,5,Samsung Galaxy Watch 6
673,673,15-06-2025 23:48,65,16862,5.2,Xiaomi Mi Band 7
674,674,16-06-2025 01:34,75,3143,7,Withings ScanWatch
675,675,12-06-2025 04:28,88,6078,8.3,Realme Watch 3 Pro
676,676,15-06-2025 06:30,84,19722,6.9,Apple Watch Series 9
677,677,14-06-2025 13:25,77,4452,7.3,Apple Watch SE
678,678,12-06-2025 00:18,68,14516,4.5,Xiaomi Mi Band 7
679,679,09-06-2025 21:07,94,2894,8.7,Garmin Forerunner 255
680,680,13-06-2025 16:16,113,7848,7.2,Titan Smart 2
681,681,10-06-2025 06:52,85,3775,5.6,Huawei Watch GT 3
682,682,12-06-2025 13:10,66,11732,6.1,Titan Smart 2
683,683,12-06-2025 22:32,67,11236,6.4,Huawei Watch GT 3
684,684,09-06-2025 16:03,62,4878,5.4,OnePlus Watch 2
685,685,10-06-2025 20:53,119,1932,5.2,Fossil Gen 6
686,686,11-06-2025 10:44,68,11760,8.8,Oura Ring Gen3
687,687,14-06-2025 08:36,64,7847,5.5,Amazfit GTR 4
688,688,10-06-2025 12:00,100,885,5.7,Honor Band 6
689,689,13-06-2025 16:09,118,5730,6.3,Realme Watch 3 Pro
690,690,11-06-2025 23:07,108,15286,6.1,Fire-Boltt Invincible Plus
691,691,13-06-2025 04:18,81,14259,4.8,Apple Watch SE
692,692,15-06-2025 11:57,96,5345,4.6,Fossil Gen 6
693,693,13-06-2025 17:56,100,4273,6.2,Garmin Venu 2
694,694,15-06-2025 07:22,116,15527,8.7,Xiaomi Mi Band 7
695,695,10-06-2025 21:27,111,4454,8,Honor Band 6
696,696,11-06-2025 02:57,80,7041,5.9,Honor Band 6
697,697,12-06-2025 18:28,64,1380,8.9,Fitbit Versa 4
698,698,10-06-2025 23:45,89,11595,4.1,Apple Watch SE
699,699,11-06-2025 14:57,116,11700,4.8,Garmin Venu 2
700,700,14-06-2025 20:59,109,19993,6.5,Realme Watch 3 Pro
701,701,10-06-2025 19:35,105,981,8,Apple Watch Series 9
702,702,12-06-2025 19:33,97,5531,4.7,Noise ColorFit Pro 4
703,703,11-06-2025 18:06,119,18079,8.2,Noise ColorFit Pro 4
704,704,13-06-2025 19:45,75,13610,8.6,Realme Watch 3 Pro
705,705,12-06-2025 16:20,119,13911,8.6,Fitbit Versa 4
706,706,15-06-2025 19:24,82,3240,7.1,Garmin Forerunner 255
707,707,12-06-2025 11:49,111,3357,4.2,Fire-Boltt Invincible Plus
708,708,15-06-2025 19:59,90,1602,4.6,Amazfit GTR 4
709,709,09-06-2025 23:50,69,18455,6.2,Fossil Gen 6
710,710,12-06-2025 04:39,64,8007,5.6,Noise ColorFit Pro 4
711,711,12-06-2025 16:48,104,15196,8.9,Huawei Watch GT 3
712,712,10-06-2025 03:04,85,14123,7.4,Samsung Galaxy Watch 6
713,713,15-06-2025 12:56,105,3206,4,Xiaomi Mi Band 7
714,714,15-06-2025 08:22,79,8133,4.5,Noise ColorFit Pro 4
715,715,12-06-2025 02:49,82,1756,5.9,Oura Ring Gen3
716,716,13-06-2025 09:14,74,8574,6.8,Honor Band 6
717,717,13-06-2025 03:37,99,17307,8.4,Fitbit Charge 5
718,718,11-06-2025 01:41,112,15607,8.5,Noise ColorFit Pro 4
719,719,09-06-2025 20:09,94,8935,7.8,Withings ScanWatch
720,720,14-06-2025 07:28,63,12772,4.4,Noise ColorFit Pro 4
721,721,14-06-2025 23:14,61,8182,5.3,Noise ColorFit Pro 4
722,722,12-06-2025 13:08,89,12685,4.8,Huawei Watch GT 3
723,723,13-06-2025 16:55,80,9684,8.5,Fitbit Versa 4
724,724,13-06-2025 16:33,76,11140,4.6,OnePlus Watch 2
725,725,14-06-2025 21:04,118,17755,6.4,Fitbit Charge 5
726,726,10-06-2025 15:55,60,16801,5,Garmin Venu 2
727,727,13-06-2025 01:55,73,2888,8.8,Fitbit Versa 4
728,728,15-06-2025 19:04,95,11014,8.8,Oura Ring Gen3
729,729,12-06-2025 08:37,120,3421,6.5,Samsung Galaxy Watch 6
730,730,14-06-2025 14:15,66,7758,4.4,Apple Watch Series 9
731,731,10-06-2025 00:26,67,10989,8.8,Withings ScanWatch
732,732,12-06-2025 03:18,69,18404,8.8,BoAt Smart Ring
733,733,09-06-2025 21:08,95,16895,5.7,Oura Ring Gen3
734,734,12-06-2025 16:46,72,12151,7.3,Honor Band 6
735,735,13-06-2025 20:48,72,15541,7.3,Fire-Boltt Invincible Plus
736,736,10-06-2025 09:10,88,18029,4.7,Fire-Boltt Invincible Plus
737,737,10-06-2025 14:47,62,14162,8.8,Apple Watch SE
738,738,14-06-2025 08:03,120,1830,8.5,BoAt Smart Ring
739,739,10-06-2025 08:05,61,13980,7.8,Fire-Boltt Invincible Plus
740,740,16-06-2025 04:35,104,8323,8.4,Apple Watch SE
741,741,15-06-2025 00:39,88,17315,9,BoAt Smart Ring
742,742,12-06-2025 08:24,71,14412,4.7,BoAt Smart Ring
743,743,10-06-2025 13:27,103,17740,4,Garmin Forerunner 255
744,744,11-06-2025 07:35,117,16338,4.1,OnePlus Watch 2
745,745,11-06-2025 01:30,60,2209,8.7,Fossil Gen 6
746,746,15-06-2025 03:41,79,6145,5.9,Fire-Boltt Invincible Plus
747,747,11-06-2025 12:22,64,7930,5.2,OnePlus Watch 2
748,748,13-06-2025 13:19,64,10020,7.6,Apple Watch Series 9
749,749,09-06-2025 18:47,71,11481,6.1,Amazfit GTR 4
750,750,15-06-2025 12:13,109,15123,8.4,Huawei Watch GT 3
751,751,15-06-2025 22:40,68,16941,6.7,Titan Smart 2
752,752,14-06-2025 19:31,103,14474,4.8,Apple Watch SE
753,753,13-06-2025 17:11,113,18157,4.4,Oura Ring Gen3
754,754,09-06-2025 14:50,103,7817,5,Xiaomi Mi Band 7
755,755,10-06-2025 13:08,61,7548,5.8,Apple Watch SE
756,756,11-06-2025 18:28,60,14633,5.8,Honor Band 6
757,757,14-06-2025 02:22,97,685,5.2,Titan Smart 2
758,758,10-06-2025 13:37,66,1142,6.4,Withings ScanWatch
759,759,09-06-2025 17:09,62,5872,7.2,Samsung Galaxy Watch 6
760,760,11-06-2025 03:24,83,9761,8.1,Xiaomi Mi Band 7
761,761,11-06-2025 20:53,67,19668,7.4,Amazfit GTR 4
762,762,10-06-2025 00:33,118,14140,7.2,Garmin Venu 2
763,763,15-06-2025 19:52,63,13466,6.4,Noise ColorFit Pro 4
764,764,12-06-2025 11:37,96,19956,4.4,Huawei Watch GT 3
765,765,10-06-2025 02:23,105,1184,8.8,Garmin Forerunner 255
766,766,13-06-2025 07:58,101,19231,4.4,Huawei Watch GT 3
767,767,09-06-2025 19:02,117,12485,7.7,Apple Watch SE
768,768,14-06-2025 00:54,113,533,6.8,Honor Band 6
769,769,14-06-2025 00:28,101,5981,8.1,Samsung Galaxy Watch 6
770,770,12-06-2025 08:09,91,3254,6.1,Fire-Boltt Invincible Plus
771,771,10-06-2025 12:41,80,4949,7.5,OnePlus Watch 2
772,772,14-06-2025 03:24,103,1241,8.6,BoAt Smart Ring
773,773,10-06-2025 15:13,75,17441,5.7,Huawei Watch GT 3
774,774,14-06-2025 19:00,106,19125,6.5,Samsung Galaxy Watch 6
775,775,13-06-2025 12:16,117,5334,6.5,Fitbit Charge 5
776,776,14-06-2025 14:29,97,11369,6.9,Fire-Boltt Invincible Plus
777,777,16-06-2025 03:18,68,14581,4.2,Withings ScanWatch
778,778,13-06-2025 17:55,112,2503,5.8,Apple Watch SE
779,779,11-06-2025 14:45,105,10622,7,Apple Watch SE
780,780,12-06-2025 11:04,76,9105,8.6,Fossil Gen 6
781,781,13-06-2025 15:29,91,604,8.7,Fossil Gen 6
782,782,15-06-2025 20:08,89,18214,7.5,Samsung Galaxy Watch 6
783,783,10-06-2025 10:39,70,3882,4.2,Apple Watch Series 9
784,784,11-06-2025 00:57,104,19404,8.9,Apple Watch Series 9
785,785,14-06-2025 15:30,106,12547,5,Honor Band 6
786,786,14-06-2025 23:20,67,9298,6,Amazfit GTR 4
787,787,12-06-2025 23:29,114,15156,7,Samsung Galaxy Watch 6
788,788,16-06-2025 08:44,108,19973,4.6,Huawei Watch GT 3
789,789,13-06-2025 13:13,80,9934,7.5,Withings ScanWatch
790,790,16-06-2025 01:03,118,4824,5,Apple Watch Series 9
791,791,10-06-2025 19:40,108,12569,8.2,Fire-Boltt Invincible Plus
792,792,13-06-2025 03:28,81,6653,6.3,Honor Band 6
793,793,11-06-2025 01:33,71,15665,4.2,Oura Ring Gen3
794,794,15-06-2025 17:04,78,3160,7.7,Fitbit Charge 5
795,795,10-06-2025 06:27,87,17252,6.9,OnePlus Watch 2
796,796,11-06-2025 13:22,68,18649,4.6,Fitbit Versa 4
797,797,10-06-2025 16:17,120,11210,4.5,Withings ScanWatch
798,798,09-06-2025 13:15,99,19255,4.7,Garmin Forerunner 255
799,799,14-06-2025 11:19,89,13008,7.6,Samsung Galaxy Watch 6
800,800,13-06-2025 19:52,82,18796,7.4,Realme Watch 3 Pro
801,801,14-06-2025 02:49,110,12490,5.2,Samsung Galaxy Watch 6
802,802,11-06-2025 01:22,60,14825,5.8,Garmin Venu 2
803,803,13-06-2025 21:39,98,8920,6.1,Titan Smart 2
804,804,11-06-2025 01:27,61,4857,6,Amazfit GTR 4
805,805,13-06-2025 18:45,111,6082,4,Apple Watch Series 9
806,806,15-06-2025 21:00,108,12702,6.6,Titan Smart 2
807,807,16-06-2025 09:42,107,17691,6.3,Xiaomi Mi Band 7
808,808,09-06-2025 23:37,80,4744,7.7,Noise ColorFit Pro 4
809,809,11-06-2025 07:35,61,14130,6.8,Honor Band 6
810,810,13-06-2025 08:52,99,10552,7.1,Garmin Forerunner 255
811,811,11-06-2025 07:12,79,13755,7.3,Amazfit GTR 4
812,812,16-06-2025 04:42,120,8704,6.3,Fitbit Charge 5
813,813,13-06-2025 18:14,96,6401,6.3,Amazfit GTR 4
814,814,16-06-2025 07:28,94,15730,8.8,Apple Watch SE
815,815,09-06-2025 12:00,92,2508,8.5,Fire-Boltt Invincible Plus
816,816,14-06-2025 10:05,95,1513,4.6,Apple Watch Series 9
817,817,10-06-2025 01:43,113,4292,7.6,Realme Watch 3 Pro
818,818,13-06-2025 00:41,77,1847,5.5,Huawei Watch GT 3
819,819,16-06-2025 06:40,106,7983,7.2,Honor Band 6
820,820,09-06-2025 22:27,92,12114,8.9,BoAt Smart Ring
821,821,12-06-2025 16:37,116,4302,6.2,Realme Watch 3 Pro
822,822,12-06-2025 23:19,86,14080,7.9,Titan Smart 2
823,823,12-06-2025 11:46,82,18599,5.1,Garmin Venu 2
824,824,11-06-2025 14:37,73,17965,8.3,Apple Watch SE
825,825,14-06-2025 18:18,98,10783,8.1,Honor Band 6
826,826,13-06-2025 21:33,73,8435,7.3,Noise ColorFit Pro 4
827,827,10-06-2025 10:16,114,8681,7,Apple Watch Series 9
828,828,11-06-2025 18:39,111,15694,5.9,Samsung Galaxy Watch 6
829,829,12-06-2025 12:37,66,14874,5.7,Huawei Watch GT 3
830,830,14-06-2025 16:15,77,9971,8.6,Apple Watch Series 9
831,831,12-06-2025 17:06,87,17778,8,Honor Band 6
832,832,11-06-2025 13:19,101,6386,8.4,Realme Watch 3 Pro
833,833,14-06-2025 07:32,96,17544,8.3,Honor Band 6
834,834,12-06-2025 19:08,98,1050,5.9,Fitbit Versa 4
835,835,11-06-2025 21:27,70,10546,4.2,Oura Ring Gen3
836,836,15-06-2025 09:30,107,7462,5.2,Garmin Venu 2
837,837,11-06-2025 01:17,101,16815,4.2,Xiaomi Mi Band 7
838,838,11-06-2025 22:44,92,17542,7.6,Fire-Boltt Invincible Plus
839,839,15-06-2025 22:02,69,7696,8.6,Garmin Forerunner 255
840,840,11-06-2025 05:16,96,10944,6.2,Fitbit Versa 4
841,841,13-06-2025 10:58,70,984,6.7,Samsung Galaxy Watch 6
842,842,10-06-2025 02:01,105,16942,6.1,Noise ColorFit Pro 4
843,843,09-06-2025 12:04,60,18854,4.6,Apple Watch SE
844,844,14-06-2025 10:25,93,6255,7.7,Huawei Watch GT 3
845,845,12-06-2025 01:23,116,7723,5.1,OnePlus Watch 2
846,846,12-06-2025 14:09,87,8166,7.6,Fire-Boltt Invincible Plus
847,847,12-06-2025 03:36,68,7108,5.9,Honor Band 6
848,848,10-06-2025 16:29,65,12286,8.3,Samsung Galaxy Watch 6
849,849,10-06-2025 16:40,69,2896,8.8,Apple Watch SE
850,850,14-06-2025 03:57,94,12161,7.9,Apple Watch Series 9
851,851,10-06-2025 21:17,118,10755,7.1,OnePlus Watch 2
852,852,12-06-2025 14:38,89,4661,6.2,Garmin Venu 2
853,853,10-06-2025 10:39,72,6369,8.1,Titan Smart 2
854,854,14-06-2025 21:13,105,11191,8.7,Amazfit GTR 4
855,855,13-06-2025 06:39,120,16731,5.5,Apple Watch SE
856,856,14-06-2025 14:18,98,6588,5.2,Xiaomi Mi Band 7
857,857,12-06-2025 10:28,63,16510,6,OnePlus Watch 2
858,858,12-06-2025 01:57,65,16261,5.4,Noise ColorFit Pro 4
859,859,11-06-2025 05:55,104,733,4.1,Fire-Boltt Invincible Plus
860,860,13-06-2025 10:47,90,9829,4.4,BoAt Smart Ring
861,861,15-06-2025 06:57,116,12270,4.9,Apple Watch SE
862,862,16-06-2025 05:51,66,15687,5.7,Apple Watch SE
863,863,12-06-2025 04:58,72,775,5.4,Samsung Galaxy Watch 6
864,864,14-06-2025 08:32,120,1086,5.7,Fitbit Versa 4
865,865,14-06-2025 05:59,86,5494,5.8,Fire-Boltt Invincible Plus
866,866,09-06-2025 11:28,96,11268,4.9,Huawei Watch GT 3
867,867,15-06-2025 21:15,96,6073,8.2,Samsung Galaxy Watch 6
868,868,16-06-2025 07:47,82,3075,6.8,Titan Smart 2
869,869,11-06-2025 00:23,69,978,8.4,Apple Watch SE
870,870,13-06-2025 14:57,65,17656,5.6,Apple Watch SE
871,871,10-06-2025 12:31,67,7063,7.9,OnePlus Watch 2
872,872,13-06-2025 15:09,67,3179,7.4,Garmin Venu 2
873,873,12-06-2025 13:15,98,14783,7.6,Samsung Galaxy Watch 6
874,874,14-06-2025 10:21,84,8080,8.5,Garmin Forerunner 255
875,875,11-06-2025 16:20,63,16066,7.2,Fitbit Charge 5
876,876,14-06-2025 10:00,88,15080,7.8,BoAt Smart Ring
877,877,14-06-2025 00:09,111,14165,6.4,Huawei Watch GT 3
878,878,11-06-2025 19:06,120,13400,5,Fitbit Charge 5
879,879,16-06-2025 07:34,71,1514,8.9,Fire-Boltt Invincible Plus
880,880,09-06-2025 19:37,82,7626,4.2,Fitbit Versa 4
881,881,09-06-2025 14:21,100,6845,8.2,OnePlus Watch 2
882,882,10-06-2025 08:54,104,19270,6.8,Titan Smart 2
883,883,11-06-2025 08:01,114,15341,5.2,Apple Watch SE
884,884,12-06-2025 21:06,86,2881,8.4,Xiaomi Mi Band 7
885,885,14-06-2025 03:02,119,10694,7.1,OnePlus Watch 2
886,886,14-06-2025 00:16,117,5084,4.2,Huawei Watch GT 3
887,887,10-06-2025 13:16,118,5434,6.8,Fitbit Versa 4
888,888,13-06-2025 03:40,65,6959,6.7,Fitbit Charge 5
889,889,10-06-2025 15:36,99,19691,8.4,Noise ColorFit Pro 4
890,890,11-06-2025 08:58,79,17601,4.3,Garmin Venu 2
891,891,12-06-2025 05:56,119,13126,7.5,Huawei Watch GT 3
892,892,12-06-2025 18:13,60,17527,5,Fire-Boltt Invincible Plus
893,893,12-06-2025 02:38,105,19789,6.9,Apple Watch Series 9
894,894,12-06-2025 08:58,89,1244,5,Honor Band 6
895,895,16-06-2025 06:05,93,12920,4.2,Apple Watch SE
896,896,14-06-2025 07:06,98,8884,8.9,OnePlus Watch 2
897,897,11-06-2025 17:07,70,12526,6.7,Amazfit GTR 4
898,898,10-06-2025 09:13,78,16231,4.8,Fitbit Charge 5
899,899,11-06-2025 01:31,104,4367,6.7,Fitbit Charge 5
900,900,14-06-2025 19:42,68,1430,8.4,OnePlus Watch 2
901,901,16-06-2025 10:27,83,16981,6.2,Garmin Forerunner 255
902,902,11-06-2025 13:17,66,5928,6.6,Apple Watch SE
903,903,10-06-2025 02:01,115,19872,7.9,Oura Ring Gen3
904,904,12-06-2025 00:05,67,19892,4.4,Realme Watch 3 Pro
905,905,16-06-2025 04:33,76,18258,6.3,Xiaomi Mi Band 7
906,906,11-06-2025 09:11,94,3198,6.2,Garmin Forerunner 255
907,907,14-06-2025 19:09,114,2398,7.2,Amazfit GTR 4
908,908,13-06-2025 05:49,120,17201,4.7,Huawei Watch GT 3
909,909,12-06-2025 19:23,106,1078,8.4,Oura Ring Gen3
910,910,09-06-2025 17:17,118,11820,7.5,Xiaomi Mi Band 7
911,911,11-06-2025 02:42,116,12208,7.4,Apple Watch SE
912,912,12-06-2025 16:31,95,7156,4.8,Apple Watch Series 9
913,913,12-06-2025 10:25,84,4713,5.2,Fossil Gen 6
914,914,10-06-2025 03:48,98,17920,6.5,Apple Watch Series 9
915,915,12-06-2025 21:34,73,10626,7.7,OnePlus Watch 2
916,916,15-06-2025 19:19,72,4819,5.6,Titan Smart 2
917,917,13-06-2025 18:52,103,19838,6.9,Amazfit GTR 4
918,918,13-06-2025 18:59,93,9267,7.6,Titan Smart 2
919,919,14-06-2025 22:26,65,5648,4.2,Xiaomi Mi Band 7
920,920,16-06-2025 06:37,94,6475,6.8,Honor Band 6
921,921,10-06-2025 08:34,117,12212,4.9,Fossil Gen 6
922,922,10-06-2025 18:57,92,10953,8.2,Withings ScanWatch
923,923,09-06-2025 13:51,114,8185,6,Noise ColorFit Pro 4
924,924,16-06-2025 03:42,120,6316,7.1,Fossil Gen 6
925,925,09-06-2025 22:41,117,10655,8.7,Fitbit Charge 5
926,926,13-06-2025 04:53,110,11008,8.8,OnePlus Watch 2
927,927,12-06-2025 19:12,73,16411,6.4,Withings ScanWatch
928,928,13-06-2025 19:47,93,5930,8.4,Fossil Gen 6
929,929,11-06-2025 11:25,100,5503,5.3,BoAt Smart Ring
930,930,15-06-2025 23:10,73,8982,6.6,BoAt Smart Ring
931,931,11-06-2025 17:00,67,8942,7,Apple Watch SE
932,932,12-06-2025 04:25,65,17030,6.6,Fire-Boltt Invincible Plus
933,933,13-06-2025 19:59,76,11996,8.8,Honor Band 6
934,934,10-06-2025 19:55,96,4631,7,Samsung Galaxy Watch 6
935,935,13-06-2025 19:03,107,5342,6.1,Fitbit Versa 4
936,936,15-06-2025 05:22,115,16048,8.5,Fitbit Versa 4
937,937,09-06-2025 16:23,91,4428,5.7,Fitbit Versa 4
938,938,14-06-2025 04:21,105,8529,8,Samsung Galaxy Watch 6
939,939,15-06-2025 14:38,87,13109,7,Huawei Watch GT 3
940,940,13-06-2025 19:44,61,2911,8.4,Samsung Galaxy Watch 6
941,941,11-06-2025 12:48,79,4476,8.4,Fire-Boltt Invincible Plus
942,942,15-06-2025 11:08,115,2130,6,Xiaomi Mi Band 7
943,943,11-06-2025 10:43,96,5095,5.2,Xiaomi Mi Band 7
944,944,13-06-2025 05:03,100,2046,4.8,BoAt Smart Ring
945,945,12-06-2025 04:13,106,2964,5.8,Amazfit GTR 4
946,946,10-06-2025 07:45,107,5446,5.9,Samsung Galaxy Watch 6
947,947,10-06-2025 12:09,74,13160,7.6,Garmin Forerunner 255
948,948,16-06-2025 02:05,65,14139,8,Apple Watch Series 9
949,949,13-06-2025 21:00,94,6198,6.2,Amazfit GTR 4
950,950,16-06-2025 03:18,109,16357,7.5,Apple Watch SE
951,951,10-06-2025 04:23,62,4973,6.9,Apple Watch Series 9
952,952,12-06-2025 12:06,113,12257,4.5,Amazfit GTR 4
953,953,09-06-2025 19:57,104,5432,7.5,BoAt Smart Ring
954,954,14-06-2025 16:45,93,2667,5,BoAt Smart Ring
955,955,12-06-2025 00:40,113,1658,8.7,Fitbit Versa 4
956,956,14-06-2025 17:50,63,7774,5.7,Amazfit GTR 4
957,957,13-06-2025 09:22,107,13317,6.4,Xiaomi Mi Band 7
958,958,13-06-2025 23:24,106,15794,7.3,BoAt Smart Ring
959,959,12-06-2025 04:09,76,3702,5.9,BoAt Smart Ring
960,960,14-06-2025 12:26,72,8478,4.5,Fitbit Charge 5
961,961,14-06-2025 16:24,78,8600,5.3,Withings ScanWatch
962,962,14-06-2025 00:41,85,17945,7.6,Honor Band 6
963,963,10-06-2025 15:17,119,6954,6,Fitbit Versa 4
964,964,10-06-2025 19:26,98,3110,7.2,Amazfit GTR 4
965,965,14-06-2025 19:36,80,13591,7,Samsung Galaxy Watch 6
966,966,15-06-2025 10:54,108,15050,4.4,Titan Smart 2
967,967,11-06-2025 13:27,81,12512,4.1,Honor Band 6
968,968,12-06-2025 07:43,79,10541,7.2,Realme Watch 3 Pro
969,969,12-06-2025 12:54,62,9723,8.6,Fitbit Charge 5
970,970,13-06-2025 19:38,72,14735,7.5,Titan Smart 2
971,971,10-06-2025 20:34,74,3107,7.5,Fitbit Charge 5
972,972,11-06-2025 18:03,70,9840,5.9,Honor Band 6
973,973,15-06-2025 21:30,92,3602,8.4,Honor Band 6
974,974,13-06-2025 12:33,118,1098,8.2,Titan Smart 2
975,975,14-06-2025 19:11,81,6798,8.3,Garmin Forerunner 255
976,976,11-06-2025 05:16,64,8649,7.1,Amazfit GTR 4
977,977,13-06-2025 19:42,83,19396,7.9,Fossil Gen 6
978,978,12-06-2025 00:31,85,2555,6.6,Garmin Forerunner 255
979,979,13-06-2025 12:42,107,18030,8.8,Fitbit Versa 4
980,980,10-06-2025 13:06,90,16076,7,Realme Watch 3 Pro
981,981,12-06-2025 22:01,109,5102,5.3,OnePlus Watch 2
982,982,09-06-2025 21:25,74,9089,8.6,BoAt Smart Ring
983,983,10-06-2025 08:50,120,13932,8.3,Garmin Venu 2
984,984,13-06-2025 22:00,110,1879,6.5,Fossil Gen 6
985,985,14-06-2025 14:54,88,9290,4.6,Titan Smart 2
986,986,14-06-2025 02:30,92,5360,5.9,Oura Ring Gen3
987,987,12-06-2025 04:36,99,5695,8,Garmin Forerunner 255
988,988,12-06-2025 21:21,81,4996,5.6,Apple Watch Series 9
989,989,10-06-2025 21:57,117,4916,8.1,Apple Watch Series 9
990,990,11-06-2025 17:43,87,6022,6.3,Honor Band 6
991,991,10-06-2025 21:43,68,18043,8.9,Fire-Boltt Invincible Plus
992,992,11-06-2025 00:52,62,15836,5.2,Honor Band 6
993,993,15-06-2025 13:06,64,17841,5.1,Noise ColorFit Pro 4
994,994,10-06-2025 07:51,78,13245,4.2,Samsung Galaxy Watch 6
995,995,11-06-2025 04:06,80,4304,5.7,Oura Ring Gen3
996,996,10-06-2025 09:30,62,16300,4.7,BoAt Smart Ring
997,997,13-06-2025 12:20,75,6220,8.5,Apple Watch SE
998,998,12-06-2025 02:46,116,3822,8,Titan Smart 2
999,999,14-06-2025 16:17,73,18109,6.7,Fossil Gen 6
1000,1000,15-06-2025 21:17,71,3178,7.2,Fossil Gen 6
